Temp_C,Temp_K,kappa_FC2_RTA,kappa_FC3_RTA,kappa_xx_FC3_RTA,kappa_yy_FC3_RTA,kappa_zz_FC3_RTA,kappa_FC3_LBTE,kappa_xx_FC3_LBTE,kappa_yy_FC3_LBTE,kappa_zz_FC3_LBTE,kappa_exp_ZnO,error_pct_FC2_RTA,error_pct_FC3_RTA,error_pct_FC3_LBTE
25.0,298.15,14.2963,47.8606,41.2679,41.2679,61.0458,50.4372,43.0584,43.0584,65.1949,47.0000,-69.58,+1.83,+7.31
48.3,321.43,11.6430,44.0032,37.9995,37.9995,56.0104,46.3615,39.6400,39.6400,59.8044,41.8793,-72.20,+5.07,+10.70
71.6,344.70,9.5996,40.7361,35.2232,35.2232,51.7621,42.9122,36.7388,36.7388,55.2590,36.7586,-73.88,+10.82,+16.74
94.8,367.98,8.0020,37.9323,32.8341,32.8341,48.1287,39.9537,34.2440,34.2440,51.3732,34.2552,-76.64,+10.73,+16.64
118.1,391.25,6.7362,35.4985,30.7556,30.7556,44.9843,37.3868,32.0744,32.0744,48.0116,32.2069,-79.08,+10.22,+16.08
141.4,414.53,5.7211,33.3652,28.9300,28.9300,42.2356,35.1376,30.1694,30.1694,45.0739,30.1586,-81.03,+10.63,+16.51
164.7,437.81,4.8982,31.4792,27.3132,27.3132,39.8113,33.1496,28.4827,28.4827,42.4835,28.1103,-82.57,+11.98,+17.93
187.9,461.08,4.2245,29.7993,25.8707,25.8707,37.6564,31.3792,26.9781,26.9781,40.1814,26.0621,-83.79,+14.34,+20.40
211.2,484.36,3.6678,28.2930,24.5755,24.5755,35.7278,29.7921,25.6273,25.6273,38.1215,24.4800,-85.02,+15.58,+21.70
234.5,507.63,3.2040,26.9343,23.4058,23.4058,33.9912,28.3607,24.4076,24.4076,36.2669,23.4000,-86.31,+15.10,+21.20
257.8,530.91,2.8147,25.7023,22.3441,22.3441,32.4189,27.0629,23.3004,23.3004,34.5879,22.3200,-87.39,+15.15,+21.25
281.0,554.18,2.4855,24.5799,21.3757,21.3757,30.9882,25.8806,22.2907,22.2907,33.0604,21.2400,-88.30,+15.72,+21.85
304.3,577.46,2.2054,23.5528,20.4889,20.4889,29.6807,24.7989,21.3660,21.3660,31.6646,20.1600,-89.06,+16.83,+23.01
327.6,600.74,1.9656,22.6094,19.6736,19.6736,28.4809,23.8052,20.5159,20.5159,30.3838,19.1010,-89.71,+18.37,+24.63
350.9,624.01,1.7592,21.7396,18.9214,18.9214,27.3759,22.8892,19.7317,19.7317,29.2042,18.2105,-90.34,+19.38,+25.69
374.1,647.29,1.5805,20.9350,18.2252,18.2252,26.3546,22.0419,19.0058,19.0058,28.1142,17.3199,-90.87,+20.87,+27.26
397.4,670.56,1.4251,20.1886,17.5789,17.5789,25.4079,21.2559,18.3320,18.3320,27.1037,16.4294,-91.33,+22.88,+29.38
420.7,693.84,1.2894,19.4941,16.9773,16.9773,24.5277,20.5246,17.7047,17.7047,26.1644,15.5388,-91.70,+25.45,+32.09
444.0,717.12,1.1702,18.8463,16.4159,16.4159,23.7073,19.8425,17.1193,17.1193,25.2888,14.6754,-92.03,+28.42,+35.21
467.2,740.39,1.0653,18.2407,15.8907,15.8907,22.9406,19.2047,16.5717,16.5717,24.4707,13.9438,-92.36,+30.82,+37.73
490.5,763.67,0.9725,17.6730,15.3983,15.3983,22.2225,18.6070,16.0583,16.0583,23.7044,13.2123,-92.64,+33.76,+40.83
513.8,786.94,0.8901,17.1400,14.9357,14.9357,21.5485,18.0458,15.5761,15.5761,22.9852,12.4808,-92.87,+37.33,+44.59
537.1,810.22,0.8167,16.6384,14.5004,14.5004,20.9146,17.5177,15.1221,15.1221,22.3088,11.7493,-93.05,+41.61,+49.10
560.3,833.49,0.7512,16.1656,14.0898,14.0898,20.3173,17.0198,14.6940,14.6940,21.6715,11.1770,-93.28,+44.63,+52.28
583.6,856.77,0.6924,15.7192,13.7020,13.7020,19.7535,16.5497,14.2896,14.2896,21.0699,10.6869,-93.52,+47.09,+54.86
606.9,880.05,0.6396,15.2969,13.3351,13.3351,19.2204,16.1051,13.9071,13.9071,20.5011,10.1969,-93.73,+50.01,+57.94
630.2,903.32,0.5921,14.8968,12.9874,12.9874,18.7156,15.6839,13.5445,13.5445,19.9625,9.7069,-93.90,+53.47,+61.57
653.4,926.60,0.5491,14.5173,12.6575,12.6575,18.2368,15.2843,13.2006,13.2006,19.4517,,,,
676.7,949.87,0.5101,14.1567,12.3440,12.3440,17.7821,14.9047,12.8737,12.8737,18.9666,,,,
700.0,973.15,0.4748,13.8138,12.0458,12.0458,17.3497,14.5436,12.5627,12.5627,18.5053,,,,
